"Apple iPhone SE (White, 128 GB) (Includes EarPods, Power Adapter)","36,999","1,02,138 Ratings "
"APPLE iPhone SE (Black, 128 GB)","36,999","1,02,138 Ratings "
"APPLE iPhone SE (Red, 128 GB)","36,999","1,02,138 Ratings "
"APPLE iPhone SE (White, 128 GB)","36,999","1,02,138 Ratings "
"APPLE iPhone 7 Plus (Black, 32 GB)","36,999","29,634 Ratings "
"APPLE iPhone SE (White, 64 GB)","31,999","1,02,138 Ratings "
"APPLE iPhone SE (Black, 64 GB)","31,999","1,02,138 Ratings "
"APPLE iPhone SE (Red, 64 GB)","31,999","1,02,138 Ratings "
"Apple iPhone XR ((PRODUCT)RED, 64 GB) (Includes EarPods, Power Adapter)","40,999","85,219 Ratings "
"Apple iPhone XR (White, 64 GB) (Includes EarPods, Power Adapter)","40,999","85,219 Ratings "
"Apple iPhone XR (Blue, 64 GB) (Includes EarPods, Power Adapter)","40,999","85,219 Ratings "
"APPLE iPhone XR (Black, 64 GB)","40,999","85,219 Ratings "
"Apple iPhone XR (Black, 64 GB) (Includes EarPods, Power Adapter)","40,999","85,219 Ratings "
"APPLE iPhone 11 (Black, 64 GB)","49,999","59,447 Ratings "
"APPLE iPhone 11 (Red, 64 GB)","49,999","59,447 Ratings "
"APPLE iPhone 12 (White, 64 GB)","77,900","3,307 Ratings "
"Apple iPhone XR (White, 128 GB) (Includes EarPods, Power Adapter)","45,999","85,219 Ratings "
"APPLE iPhone 11 (Purple, 64 GB)","49,999","59,447 Ratings "
"APPLE iPhone 12 (Blue, 64 GB)","77,900","3,307 Ratings "
"APPLE iPhone XR (White, 128 GB)","45,999","85,219 Ratings "
"APPLE iPhone 12 (Green, 64 GB)","77,900","3,307 Ratings "
"APPLE iPhone 12 Mini (Black, 64 GB)","67,900","1,579 Ratings "
"Apple iPhone XR (Black, 128 GB) (Includes EarPods, Power Adapter)","45,999","85,219 Ratings "
"APPLE iPhone 12 (Blue, 128 GB)","82,900","3,307 Ratings "
"Device Details","Price","Ratings"
